Workbook

Sheet Taux lits par habitant·e
B1: Offre lits & places | C1: Offre lits | D1: Taux lits | E1: Lits par habitant·e
A2: Guadeloupe | B2: =SUM('Offre hospitalière'!B2:H2) -> 2890 | C2: =SUM('Offre hospitalière'!B2:E2) -> 2261 | D2: =C2/'Population par département'!B2 -> 0.0059439466 | E2: ='Population par département'!B2/'Taux lits par habitant·e'!C2 -> 168.23839
A3: Martinique | B3: =SUM('Offre hospitalière'!B3:H3) -> 2157 | C3: =SUM('Offre hospitalière'!B3:E3) -> 1827 | D3: =C3/'Population par département'!B3 -> 0.0051398333 | E3: ='Population par département'!B3/'Taux lits par habitant·e'!C3 -> 194.55884
A4: Guyane | B4: =SUM('Offre hospitalière'!B4:H4) -> 1175 | C4: =SUM('Offre hospitalière'!B4:E4) -> 950 | D4: =C4/'Population par département'!B4 -> 0.0032494852 | E4: ='Population par département'!B4/'Taux lits par habitant·e'!C4 -> 307.74105
A5: La Réunion | B5: =SUM('Offre hospitalière'!B5:H5) -> 5135 | C5: =SUM('Offre hospitalière'!B5:E5) -> 3761 | D5: =C5/'Population par département'!B5 -> 0.004196725 | E5: ='Population par département'!B5/'Taux lits par habitant·e'!C5 -> 238.28104
A6: Mayotte | B6: =SUM('Offre hospitalière'!B6:H6) -> 505 | C6: =SUM('Offre hospitalière'!B6:E6) -> 464 | D6: =C6/'Population par département'!B6 -> 0.0014091265 | E6: ='Population par département'!B6/'Taux lits par habitant·e'!C6 -> 709.65948
A7: Hexagone & Corse | B7: =SUM('Offre hospitalière'!B7:H7) -> 445972 | C7: =SUM('Offre hospitalière'!B7:E7) -> 360100 | D7: =C7/'Population par département'!B7 -> 0.0054271193 | E7: ='Population par département'!B7/'Taux lits par habitant·e'!C7 -> 184.25981
A8: Ensemble de tous les départements | B8: =SUM(B2:B7) -> 457834 | C8: =SUM(C2:C7) -> 369363 | D8: =C8/SUM('Population par département'!B2:B7) -> 0.0053838595 | E8: =SUM('Population par département'!B2:B7)/'Taux lits par habitant·e'!C8 -> 185.74036

Sheet Offre hospitalière
B1: Lits médecine, chirurgie, obstétrique et odontologie | C1: Lits psychiatrie | D1: Lits soins médicaux et de réadaptation | E1: Lits soins de longue durée | F1: Places médecine, chirurgie, obstétrique et odontologie | G1: Places psychiatrie | H1: Places soins médicaux et de réadaptation
A2: Guadeloupe | B2: 1095 | C2: 275 | D2: 763 | E2: 128 | F2: 235 | G2: 193 | H2: 201
A3: Martinique | B3: 879 | C3: 279 | D3: 566 | E3: 103 | F3: 165 | G3: 90 | H3: 75
A4: Guyane | B4: 722 | C4: 71 | D4: 127 | E4: 30 | F4: 94 | G4: 42 | H4: 89
A5: La Réunion | B5: 2186 | C5: 540 | D5: 953 | E5: 82 | F5: 398 | G5: 281 | H5: 695
A6: Mayotte | B6: 404 | C6: 10 | D6: 50 | E6: 0 | F6: 36 | G6: 0 | H6: 5
A7: Hexagone & Corse | B7: 182279 | C7: 50007 | D7: 98908 | E7: 28906 | F7: 38008 | G7: 29635 | H7: 18229

Sheet Population par département
B1: Nombre d'habitants
A2: Guadeloupe | B2: 380387
A3: Martinique | B3: 355459
A4: Guyane | B4: 292354
A5: La Réunion | B5: 896175
A6: Mayotte | B6: 329282
A7: Hexagone & Corse | B7: 66351959
